{"82.93234234835258": 900, "83.36481869244702": 1000, "83.71180907619437": 1100, "84.05407880102307": 1200, "84.30703297128824": 1300, "84.65266263196376": 1400, "85.2775516838398": 1600, "85.59458016488354": 1700, "85.96350213245975": 1800, "86.33281571939725": 1900, "86.77135961157663": 2000, "87.23048415701686": 2100, "88.12652149928617": 2300, "88.51697654935614": 2400, "89.39005468171526": 2700, "100.0" : 3600}